{
    "global_performance": {
        "ours": {
            "R2": 0.9985050693974823,
            "MAE": 125.46537611639131,
            "RMSE": 361.14543774887255,
            "MAPE": 2.6850017837461544
        },
        "baseline": {
            "R2": 0.9982875997438464,
            "MAE": 135.3000925539014,
            "RMSE": 386.52203624527067,
            "MAPE": 3.0369309864165075
        }
    },
    "statistical_test": {
        "t_stat": 6.633067132531219,
        "p_value": 1.9237672116173833e-11
    },
    "attention_weights": [
        4.432294645084767e-06,
        9.855278221948538e-06,
        1.7652135284151882e-05,
        2.5867966542136855e-05,
        3.3302188967354596e-05,
        3.9976257539819926e-05,
        4.664879452320747e-05,
        5.418938599177636e-05,
        6.34571333648637e-05,
        7.541075319750234e-05,
        9.127972589340061e-05,
        0.00011261613690294325,
        0.00014164368622004986,
        0.00018159154569730163,
        0.0002371704758843407,
        0.00031546936952508986,
        0.00042730080895125866,
        0.0005894360365346074,
        0.0008279398316517472,
        0.0011846362613141537,
        0.0017282468033954501,
        0.0025750829372555017,
        0.0039312210865318775,
        0.006175541318953037,
        0.010058362036943436,
        0.01723911054432392,
        0.03205692023038864,
        0.0688437670469284,
        0.18753467500209808,
        0.665377140045166
    ],
    "baseline_weights": [
        1.3037742974120192e-07,
        1.9971146514308202e-07,
        3.0294387443063897e-07,
        4.6084451810202154e-07,
        7.04228398262785e-07,
        1.0791410431920667e-06,
        1.6671617686370155e-06,
        2.586217760836007e-06,
        4.02638761443086e-06,
        6.295831553870812e-06,
        9.918699106492568e-06,
        1.566485116200056e-05,
        2.4793727789074183e-05,
        3.9283822843572125e-05,
        6.201913492986932e-05,
        9.721384412841871e-05,
        0.00015059541328810155,
        0.00022982677910476923,
        0.00034921636688522995,
        0.000537778832949698,
        0.0008376427576877177,
        0.0013120336225256324,
        0.0020853360183537006,
        0.0033379795495420694,
        0.005200905725359917,
        0.008042881265282631,
        0.01288559939712286,
        0.02103409916162491,
        0.036696068942546844,
        0.052171915769577026
    ],
    "ticker_performance": [
        {
            "Ticker": "AUTO",
            "R2_base": 0.9430628183853995,
            "MAE_base": 29.33981927290333,
            "RMSE_base": 42.94402526155745,
            "MAPE_base": 1.460240683908711,
            "R2_prop": 0.9425632650095863,
            "MAE_prop": 29.572693985978724,
            "RMSE_prop": 43.132004205756026,
            "MAPE_prop": 1.47262093815124,
            "n": 213
        },
        {
            "Ticker": "BRMS",
            "R2_base": 0.988481199867202,
            "MAE_base": 6.703992801173679,
            "RMSE_base": 12.268008907517,
            "MAPE_base": 2.32801523900595,
            "R2_prop": 0.988799280665919,
            "MAE_prop": 6.602932189538513,
            "RMSE_prop": 12.097438382019833,
            "MAPE_prop": 2.263775674400677,
            "n": 212
        },
        {
            "Ticker": "BRPT",
            "R2_base": 0.9072443654348308,
            "MAE_base": 19.912134392729786,
            "RMSE_base": 30.60232458033716,
            "MAPE_base": 1.975566527913362,
            "R2_prop": 0.9121091675045316,
            "MAE_prop": 19.273694343267405,
            "RMSE_prop": 29.789009006367053,
            "MAPE_prop": 1.9190155137466265,
            "n": 212
        },
        {
            "Ticker": "DSSA",
            "R2_base": 0.9841907574720203,
            "MAE_base": 565.9337544877014,
            "RMSE_base": 926.5859116871999,
            "MAPE_base": 1.6298706204503206,
            "R2_prop": 0.9853993224422412,
            "MAE_prop": 562.9600654064483,
            "RMSE_prop": 890.4646158972288,
            "MAPE_prop": 1.6255432374149417,
            "n": 212
        },
        {
            "Ticker": "FORU",
            "R2_base": 0.9726019904580785,
            "MAE_base": 149.31387788690458,
            "RMSE_base": 250.58401575487048,
            "MAPE_base": 4.842541219518739,
            "R2_prop": 0.9752206676256234,
            "MAE_prop": 140.74518281004526,
            "RMSE_prop": 238.30802039197224,
            "MAPE_prop": 4.627585381543827,
            "n": 213
        },
        {
            "Ticker": "IMAS",
            "R2_base": 0.9819473370640297,
            "MAE_base": 14.163278210685856,
            "RMSE_base": 18.79723123973024,
            "MAPE_base": 1.1887909839402713,
            "R2_prop": 0.9839136385912566,
            "MAE_prop": 12.66281315269442,
            "RMSE_prop": 17.744025714067863,
            "MAPE_prop": 1.071852734032162,
            "n": 213
        },
        {
            "Ticker": "KARW",
            "R2_base": 0.9828165713309731,
            "MAE_base": 183.02503939217812,
            "RMSE_base": 258.3353153861183,
            "MAPE_base": 7.53965315084791,
            "R2_prop": 0.9857607043802822,
            "MAE_prop": 161.97004663468536,
            "RMSE_prop": 235.1652357890143,
            "MAPE_prop": 6.020377490600637,
            "n": 213
        },
        {
            "Ticker": "KONI",
            "R2_base": 0.9355608262262988,
            "MAE_base": 55.697405649077986,
            "RMSE_base": 95.93082201013027,
            "MAPE_base": 4.424687519347706,
            "R2_prop": 0.9386356968242363,
            "MAE_prop": 50.69122738873873,
            "RMSE_prop": 93.61406147590311,
            "MAPE_prop": 3.9219318259788736,
            "n": 213
        },
        {
            "Ticker": "MLPT",
            "R2_base": 0.9875033842305623,
            "MAE_base": 498.3591723984105,
            "RMSE_base": 985.0387676783064,
            "MAPE_base": 6.129403828683905,
            "R2_prop": 0.9895781954906582,
            "MAE_prop": 451.8295885677928,
            "RMSE_prop": 899.5567691089661,
            "MAPE_prop": 5.011587103359924,
            "n": 213
        },
        {
            "Ticker": "PANI",
            "R2_base": 0.9906864227543584,
            "MAE_base": 279.25219508246806,
            "RMSE_base": 458.091576176882,
            "MAPE_base": 2.738492944579878,
            "R2_prop": 0.9922668449829117,
            "MAE_prop": 240.39563274087283,
            "RMSE_prop": 417.419182504492,
            "MAPE_prop": 2.2397371767314094,
            "n": 212
        },
        {
            "Ticker": "PSAB",
            "R2_base": 0.9627125842163547,
            "MAE_base": 7.67207284411634,
            "RMSE_base": 11.949433202531806,
            "MAPE_base": 3.1226191973356348,
            "R2_prop": 0.9635129998856707,
            "MAE_prop": 7.4835829634062,
            "RMSE_prop": 11.820483528708047,
            "MAPE_prop": 3.002714766407836,
            "n": 213
        },
        {
            "Ticker": "SGER",
            "R2_base": 0.9173764120469541,
            "MAE_base": 7.78962253062963,
            "RMSE_base": 14.531795297459205,
            "MAPE_base": 1.7300863078659123,
            "R2_prop": 0.9155490165644858,
            "MAE_prop": 7.25765491338333,
            "RMSE_prop": 14.691617132302454,
            "MAPE_prop": 1.6028106844139867,
            "n": 212
        },
        {
            "Ticker": "SRAJ",
            "R2_base": 0.9820292350287354,
            "MAE_base": 38.77931408724697,
            "RMSE_base": 53.0737600398854,
            "MAPE_base": 1.4252346866535635,
            "R2_prop": 0.9852572407000076,
            "MAE_prop": 33.724063072564476,
            "RMSE_prop": 48.07131050444299,
            "MAPE_prop": 1.2153306633735361,
            "n": 212
        },
        {
            "Ticker": "TOBA",